Name 1;080875354;mr;email;location;sociallink
Name 2;081876355;mr;email;location;sociallink
Name 3;082877356;mr;email;location;sociallink
Name 4;083878357;mr;email;location;sociallink
Name 5;084879358;mr;email;location;sociallink
Name 6;085880359;mr;email;location;sociallink
Name 7;086881360;mr;email;location;sociallink
Name 8;087882361;mr;email;location;sociallink
Name 9;088883362;mr;email;location;sociallink
Name 10;089884363;mr;email;location;sociallink
Name 11;090885364;mr;email;location;sociallink
Name 12;091886365;mr;email;location;sociallink
Name 13;092887366;mr;email;location;sociallink
Name 14;093888367;mr;email;location;sociallink
Name 15;094889368;mr;email;location;sociallink
Name 16;095890369;mr;email;location;sociallink
Name 17;096891370;mr;email;location;sociallink
Name 18;097892371;mr;email;location;sociallink
Name 19;098893372;mr;email;location;sociallink
Name 20;099894373;mr;email;location;sociallink
Name 21;0100895374;mr;email;location;sociallink
Name 22;0101896375;mr;email;location;sociallink
Name 23;0102897376;mr;email;location;sociallink
Name 24;0103898377;mr;email;location;sociallink
Name 25;0104899378;mr;email;location;sociallink
Name 26;0105900379;mr;email;location;sociallink
Name 27;0106901380;mr;email;location;sociallink
Name 28;0107902381;mr;email;location;sociallink
Name 29;0108903382;mr;email;location;sociallink
Name 30;0109904383;mr;email;location;sociallink
Name 31;0110905384;mr;email;location;sociallink
Name 32;0111906385;mr;email;location;sociallink
Name 33;0112907386;mr;email;location;sociallink
Name 34;0113908387;mr;email;location;sociallink
Name 35;0114909388;mr;email;location;sociallink
Name 36;0115910389;mr;email;location;sociallink
Name 37;0116911390;mr;email;location;sociallink
Name 38;0117912391;mr;email;location;sociallink
Name 39;0118913392;mr;email;location;sociallink
Name 40;0119914393;mr;email;location;sociallink
Name 41;0120915394;mr;email;location;sociallink
Name 42;0121916395;mr;email;location;sociallink
Name 43;0122917396;mr;email;location;sociallink
Name 44;0123918397;mr;email;location;sociallink
Name 45;0124919398;mr;email;location;sociallink
Name 46;0125920399;mr;email;location;sociallink
Name 47;0126921400;mr;email;location;sociallink
Name 48;0127922401;mr;email;location;sociallink
Name 49;0128923402;mr;email;location;sociallink
Name 50;0129924403;mr;email;location;sociallink
Name 51;0130925404;mr;email;location;sociallink
Name 52;0131926405;mr;email;location;sociallink
Name 53;0132927406;mr;email;location;sociallink
Name 54;0133928407;mr;email;location;sociallink
Name 55;0134929408;mr;email;location;sociallink
Name 56;0135930409;mr;email;location;sociallink
Name 57;0136931410;mr;email;location;sociallink
Name 58;0137932411;mr;email;location;sociallink
Name 59;0138933412;mr;email;location;sociallink
Name 60;0139934413;mr;email;location;sociallink
Name 61;0140935414;mr;email;location;sociallink
Name 62;0141936415;mr;email;location;sociallink
Name 63;0142937416;mr;email;location;sociallink
Name 64;0143938417;mr;email;location;sociallink
Name 65;0144939418;mr;email;location;sociallink
Name 66;0145940419;mr;email;location;sociallink
Name 67;0146941420;mr;email;location;sociallink
Name 68;0147942421;mr;email;location;sociallink
Name 69;0148943422;mr;email;location;sociallink
Name 70;0149944423;mr;email;location;sociallink
Name 71;0150945424;mr;email;location;sociallink
Name 72;0151946425;mr;email;location;sociallink
Name 73;0152947426;mr;email;location;sociallink
Name 74;0153948427;mr;email;location;sociallink
Name 75;0154949428;mr;email;location;sociallink
Name 76;0155950429;mr;email;location;sociallink
Name 77;0156951430;mr;email;location;sociallink
Name 78;0157952431;mr;email;location;sociallink
Name 79;0158953432;mr;email;location;sociallink
Name 80;0159954433;mr;email;location;sociallink
Name 81;0160955434;mr;email;location;sociallink
Name 82;0161956435;mr;email;location;sociallink
Name 83;0162957436;mr;email;location;sociallink
Name 84;0163958437;mr;email;location;sociallink
Name 85;0164959438;mr;email;location;sociallink
Name 86;0165960439;mr;email;location;sociallink
Name 87;0166961440;mr;email;location;sociallink
Name 88;0167962441;mr;email;location;sociallink
Name 89;0168963442;mr;email;location;sociallink
Name 90;0169964443;mr;email;location;sociallink
Name 91;0170965444;mr;email;location;sociallink
Name 92;0171966445;mr;email;location;sociallink
Name 93;0172967446;mr;email;location;sociallink
Name 94;0173968447;mr;email;location;sociallink
Name 95;0174969448;mr;email;location;sociallink
Name 96;0175970449;mr;email;location;sociallink
Name 97;0176971450;mr;email;location;sociallink
Name 98;0177972451;mr;email;location;sociallink
Name 99;0178973452;mr;email;location;sociallink
Name 100;0179974453;mr;email;location;sociallink
Name 101;0180975454;mr;email;location;sociallink
Name 102;0181976455;mr;email;location;sociallink
Name 103;0182977456;mr;email;location;sociallink
Name 104;0183978457;mr;email;location;sociallink
Name 105;0184979458;mr;email;location;sociallink
Name 106;0185980459;mr;email;location;sociallink
Name 107;0186981460;mr;email;location;sociallink
Name 108;0187982461;mr;email;location;sociallink
Name 109;0188983462;mr;email;location;sociallink
Name 110;0189984463;mr;email;location;sociallink
Name 111;0190985464;mr;email;location;sociallink
Name 112;0191986465;mr;email;location;sociallink
Name 113;0192987466;mr;email;location;sociallink
Name 114;0193988467;mr;email;location;sociallink
Name 115;0194989468;mr;email;location;sociallink
Name 116;0195990469;mr;email;location;sociallink
Name 117;0196991470;mr;email;location;sociallink
Name 118;0197992471;mr;email;location;sociallink
Name 119;0198993472;mr;email;location;sociallink
Name 120;0199994473;mr;email;location;sociallink
Name 121;0200995474;mr;email;location;sociallink
Name 122;0201996475;mr;email;location;sociallink
Name 123;0202997476;mr;email;location;sociallink
Name 124;0203998477;mr;email;location;sociallink
Name 125;0204999478;mr;email;location;sociallink
Name 126;02051000479;mr;email;location;sociallink
Name 127;02061001480;mr;email;location;sociallink
Name 128;02071002481;mr;email;location;sociallink
Name 129;02081003482;mr;email;location;sociallink
Name 130;02091004483;mr;email;location;sociallink
Name 131;02101005484;mr;email;location;sociallink
Name 132;02111006485;mr;email;location;sociallink
Name 133;02121007486;mr;email;location;sociallink
Name 134;02131008487;mr;email;location;sociallink
Name 135;02141009488;mr;email;location;sociallink
Name 136;02151010489;mr;email;location;sociallink
Name 137;02161011490;mr;email;location;sociallink
Name 138;02171012491;mr;email;location;sociallink
Name 139;02181013492;mr;email;location;sociallink
Name 140;02191014493;mr;email;location;sociallink
Name 141;02201015494;mr;email;location;sociallink
Name 142;02211016495;mr;email;location;sociallink
Name 143;02221017496;mr;email;location;sociallink
Name 144;02231018497;mr;email;location;sociallink
Name 145;02241019498;mr;email;location;sociallink
Name 146;02251020499;mr;email;location;sociallink
Name 147;02261021500;mr;email;location;sociallink
Name 148;02271022501;mr;email;location;sociallink
Name 149;02281023502;mr;email;location;sociallink
Name 150;02291024503;mr;email;location;sociallink
Name 151;02301025504;mr;email;location;sociallink
Name 152;02311026505;mr;email;location;sociallink
Name 153;02321027506;mr;email;location;sociallink
Name 154;02331028507;mr;email;location;sociallink
Name 155;02341029508;mr;email;location;sociallink
Name 156;02351030509;mr;email;location;sociallink
Name 157;02361031510;mr;email;location;sociallink
Name 158;02371032511;mr;email;location;sociallink
Name 159;02381033512;mr;email;location;sociallink
Name 160;02391034513;mr;email;location;sociallink
Name 161;02401035514;mr;email;location;sociallink
Name 162;02411036515;mr;email;location;sociallink
Name 163;02421037516;mr;email;location;sociallink
Name 164;02431038517;mr;email;location;sociallink
Name 165;02441039518;mr;email;location;sociallink
Name 166;02451040519;mr;email;location;sociallink
Name 167;02461041520;mr;email;location;sociallink
Name 168;02471042521;mr;email;location;sociallink
Name 169;02481043522;mr;email;location;sociallink
Name 170;02491044523;mr;email;location;sociallink
Name 171;02501045524;mr;email;location;sociallink
Name 172;02511046525;mr;email;location;sociallink
Name 173;02521047526;mr;email;location;sociallink
Name 174;02531048527;mr;email;location;sociallink
Name 175;02541049528;mr;email;location;sociallink
Name 176;02551050529;mr;email;location;sociallink
Name 177;02561051530;mr;email;location;sociallink
Name 178;02571052531;mr;email;location;sociallink
Name 179;02581053532;mr;email;location;sociallink
Name 180;02591054533;mr;email;location;sociallink
Name 181;02601055534;mr;email;location;sociallink
Name 182;02611056535;mr;email;location;sociallink
Name 183;02621057536;mr;email;location;sociallink
Name 184;02631058537;mr;email;location;sociallink
Name 185;02641059538;mr;email;location;sociallink
Name 186;02651060539;mr;email;location;sociallink
Name 187;02661061540;mr;email;location;sociallink
Name 188;02671062541;mr;email;location;sociallink
Name 189;02681063542;mr;email;location;sociallink
Name 190;02691064543;mr;email;location;sociallink
Name 191;02701065544;mr;email;location;sociallink
Name 192;02711066545;mr;email;location;sociallink
Name 193;02721067546;mr;email;location;sociallink
Name 194;02731068547;mr;email;location;sociallink
Name 195;02741069548;mr;email;location;sociallink
Name 196;02751070549;mr;email;location;sociallink
Name 197;02761071550;mr;email;location;sociallink
Name 198;02771072551;mr;email;location;sociallink
Name 199;02781073552;mr;email;location;sociallink
Name 200;02791074553;mr;email;location;sociallink
Name 201;02801075554;mr;email;location;sociallink
Name 202;02811076555;mr;email;location;sociallink
Name 203;02821077556;mr;email;location;sociallink
Name 204;02831078557;mr;email;location;sociallink
Name 205;02841079558;mr;email;location;sociallink
Name 206;02851080559;mr;email;location;sociallink
Name 207;02861081560;mr;email;location;sociallink
Name 208;02871082561;mr;email;location;sociallink
Name 209;02881083562;mr;email;location;sociallink
Name 210;02891084563;mr;email;location;sociallink
Name 211;02901085564;mr;email;location;sociallink
Name 212;02911086565;mr;email;location;sociallink
Name 213;02921087566;mr;email;location;sociallink
Name 214;02931088567;mr;email;location;sociallink
Name 215;02941089568;mr;email;location;sociallink
Name 216;02951090569;mr;email;location;sociallink
Name 217;02961091570;mr;email;location;sociallink
Name 218;02971092571;mr;email;location;sociallink
Name 219;02981093572;mr;email;location;sociallink
Name 220;02991094573;mr;email;location;sociallink
Name 221;03001095574;mr;email;location;sociallink
Name 222;03011096575;mr;email;location;sociallink
Name 223;03021097576;mr;email;location;sociallink
Name 224;03031098577;mr;email;location;sociallink
Name 225;03041099578;mr;email;location;sociallink
Name 226;03051100579;mr;email;location;sociallink
Name 227;03061101580;mr;email;location;sociallink
Name 228;03071102581;mr;email;location;sociallink
Name 229;03081103582;mr;email;location;sociallink
Name 230;03091104583;mr;email;location;sociallink
Name 231;03101105584;mr;email;location;sociallink
Name 232;03111106585;mr;email;location;sociallink
Name 233;03121107586;mr;email;location;sociallink
Name 234;03131108587;mr;email;location;sociallink
Name 235;03141109588;mr;email;location;sociallink
Name 236;03151110589;mr;email;location;sociallink
Name 237;03161111590;mr;email;location;sociallink
Name 238;03171112591;mr;email;location;sociallink
Name 239;03181113592;mr;email;location;sociallink
Name 240;03191114593;mr;email;location;sociallink
Name 241;03201115594;mr;email;location;sociallink
Name 242;03211116595;mr;email;location;sociallink
Name 243;03221117596;mr;email;location;sociallink
Name 244;03231118597;mr;email;location;sociallink
Name 245;03241119598;mr;email;location;sociallink
Name 246;03251120599;mr;email;location;sociallink
Name 247;03261121600;mr;email;location;sociallink
Name 248;03271122601;mr;email;location;sociallink
Name 249;03281123602;mr;email;location;sociallink
Name 250;03291124603;mr;email;location;sociallink
Name 251;03301125604;mr;email;location;sociallink
Name 252;03311126605;mr;email;location;sociallink
Name 253;03321127606;mr;email;location;sociallink
Name 254;03331128607;mr;email;location;sociallink
Name 255;03341129608;mr;email;location;sociallink
Name 256;03351130609;mr;email;location;sociallink
Name 257;03361131610;mr;email;location;sociallink
Name 258;03371132611;mr;email;location;sociallink
Name 259;03381133612;mr;email;location;sociallink
Name 260;03391134613;mr;email;location;sociallink
Name 261;03401135614;mr;email;location;sociallink
Name 262;03411136615;mr;email;location;sociallink
Name 263;03421137616;mr;email;location;sociallink
Name 264;03431138617;mr;email;location;sociallink
Name 265;03441139618;mr;email;location;sociallink
Name 266;03451140619;mr;email;location;sociallink
Name 267;03461141620;mr;email;location;sociallink
Name 268;03471142621;mr;email;location;sociallink
Name 269;03481143622;mr;email;location;sociallink
Name 270;03491144623;mr;email;location;sociallink
Name 271;03501145624;mr;email;location;sociallink
Name 272;03511146625;mr;email;location;sociallink
Name 273;03521147626;mr;email;location;sociallink
Name 274;03531148627;mr;email;location;sociallink
Name 275;03541149628;mr;email;location;sociallink
Name 276;03551150629;mr;email;location;sociallink
Name 277;03561151630;mr;email;location;sociallink
Name 278;03571152631;mr;email;location;sociallink
Name 279;03581153632;mr;email;location;sociallink
Name 280;03591154633;mr;email;location;sociallink
Name 281;03601155634;mr;email;location;sociallink
Name 282;03611156635;mr;email;location;sociallink
Name 283;03621157636;mr;email;location;sociallink
Name 284;03631158637;mr;email;location;sociallink
Name 285;03641159638;mr;email;location;sociallink
Name 286;03651160639;mr;email;location;sociallink
Name 287;03661161640;mr;email;location;sociallink
Name 288;03671162641;mr;email;location;sociallink
Name 289;03681163642;mr;email;location;sociallink
Name 290;03691164643;mr;email;location;sociallink
Name 291;03701165644;mr;email;location;sociallink
Name 292;03711166645;mr;email;location;sociallink
Name 293;03721167646;mr;email;location;sociallink
Name 294;03731168647;mr;email;location;sociallink
Name 295;03741169648;mr;email;location;sociallink
Name 296;03751170649;mr;email;location;sociallink
Name 297;03761171650;mr;email;location;sociallink
Name 298;03771172651;mr;email;location;sociallink
Name 299;03781173652;mr;email;location;sociallink
Name 300;03791174653;mr;email;location;sociallink
Name 301;03801175654;mr;email;location;sociallink
Name 302;03811176655;mr;email;location;sociallink
Name 303;03821177656;mr;email;location;sociallink
Name 304;03831178657;mr;email;location;sociallink
Name 305;03841179658;mr;email;location;sociallink
Name 306;03851180659;mr;email;location;sociallink
Name 307;03861181660;mr;email;location;sociallink
Name 308;03871182661;mr;email;location;sociallink
Name 309;03881183662;mr;email;location;sociallink
Name 310;03891184663;mr;email;location;sociallink
Name 311;03901185664;mr;email;location;sociallink
Name 312;03911186665;mr;email;location;sociallink
Name 313;03921187666;mr;email;location;sociallink
Name 314;03931188667;mr;email;location;sociallink
Name 315;03941189668;mr;email;location;sociallink
Name 316;03951190669;mr;email;location;sociallink
Name 317;03961191670;mr;email;location;sociallink
Name 318;03971192671;mr;email;location;sociallink
Name 319;03981193672;mr;email;location;sociallink
Name 320;03991194673;mr;email;location;sociallink
Name 321;04001195674;mr;email;location;sociallink
Name 322;04011196675;mr;email;location;sociallink
Name 323;04021197676;mr;email;location;sociallink
Name 324;04031198677;mr;email;location;sociallink
Name 325;04041199678;mr;email;location;sociallink
Name 326;04051200679;mr;email;location;sociallink
Name 327;04061201680;mr;email;location;sociallink
Name 328;04071202681;mr;email;location;sociallink
Name 329;04081203682;mr;email;location;sociallink
Name 330;04091204683;mr;email;location;sociallink
Name 331;04101205684;mr;email;location;sociallink
Name 332;04111206685;mr;email;location;sociallink
Name 333;04121207686;mr;email;location;sociallink
Name 334;04131208687;mr;email;location;sociallink
Name 335;04141209688;mr;email;location;sociallink
Name 336;04151210689;mr;email;location;sociallink
Name 337;04161211690;mr;email;location;sociallink
Name 338;04171212691;mr;email;location;sociallink
Name 339;04181213692;mr;email;location;sociallink
Name 340;04191214693;mr;email;location;sociallink
Name 341;04201215694;mr;email;location;sociallink
Name 342;04211216695;mr;email;location;sociallink
Name 343;04221217696;mr;email;location;sociallink
Name 344;04231218697;mr;email;location;sociallink
Name 345;04241219698;mr;email;location;sociallink
Name 346;04251220699;mr;email;location;sociallink
Name 347;04261221700;mr;email;location;sociallink
Name 348;04271222701;mr;email;location;sociallink
Name 349;04281223702;mr;email;location;sociallink
Name 350;04291224703;mr;email;location;sociallink
